,script_name,size,time
0,nest_native_LIF.py,10,0.001524448394775
1,pymonnto_fast_LIF.py,10,0.005386352539063
2,pymonntorch_fast_LIF_cpu.py,10,0.034502506256104
3,pymonntorch_fast_LIF_cuda.py,10,0.055164098739624
4,nest_native_LIF.py,10,0.001684904098511
5,pymonnto_fast_LIF.py,10,0.004922389984131
6,pymonntorch_fast_LIF_cpu.py,10,0.0227370262146
7,pymonntorch_fast_LIF_cuda.py,10,0.044079065322876
8,nest_native_LIF.py,10,0.00147533416748
9,pymonnto_fast_LIF.py,10,0.004964828491211
10,pymonntorch_fast_LIF_cpu.py,10,0.023900032043457
11,pymonntorch_fast_LIF_cuda.py,10,0.051133394241333
12,nest_native_LIF.py,10,0.001452922821045
13,pymonnto_fast_LIF.py,10,0.005087614059448
14,pymonntorch_fast_LIF_cpu.py,10,0.029099702835083
15,pymonntorch_fast_LIF_cuda.py,10,0.055068969726563
16,nest_native_LIF.py,10,0.001457929611206
17,pymonnto_fast_LIF.py,10,0.004977464675903
18,pymonntorch_fast_LIF_cpu.py,10,0.023283004760742
19,pymonntorch_fast_LIF_cuda.py,10,0.050300121307373
20,nest_native_LIF.py,20,0.001723527908325
21,pymonnto_fast_LIF.py,20,0.005069732666016
22,pymonntorch_fast_LIF_cpu.py,20,0.024091482162476
23,pymonntorch_fast_LIF_cuda.py,20,0.047647476196289
24,nest_native_LIF.py,20,0.001506328582764
25,pymonnto_fast_LIF.py,20,0.005184412002563
26,pymonntorch_fast_LIF_cpu.py,20,0.022828102111816
27,pymonntorch_fast_LIF_cuda.py,20,0.051375150680542
28,nest_native_LIF.py,20,0.001717805862427
29,pymonnto_fast_LIF.py,20,0.004831314086914
30,pymonntorch_fast_LIF_cpu.py,20,0.022794961929321
31,pymonntorch_fast_LIF_cuda.py,20,0.047909259796143
32,nest_native_LIF.py,20,0.001639604568481
33,pymonnto_fast_LIF.py,20,0.005386590957642
34,pymonntorch_fast_LIF_cpu.py,20,0.024707317352295
35,pymonntorch_fast_LIF_cuda.py,20,0.043691873550415
36,nest_native_LIF.py,20,0.001563549041748
37,pymonnto_fast_LIF.py,20,0.004980564117432
38,pymonntorch_fast_LIF_cpu.py,20,0.023945331573486
39,pymonntorch_fast_LIF_cuda.py,20,0.047730445861816
40,nest_native_LIF.py,50,0.002141714096069
41,pymonnto_fast_LIF.py,50,0.005130767822266
42,pymonntorch_fast_LIF_cpu.py,50,0.023430824279785
43,pymonntorch_fast_LIF_cuda.py,50,0.048935413360596
44,nest_native_LIF.py,50,0.002191781997681
45,pymonnto_fast_LIF.py,50,0.005886077880859
46,pymonntorch_fast_LIF_cpu.py,50,0.021432876586914
47,pymonntorch_fast_LIF_cuda.py,50,0.059073686599731
48,nest_native_LIF.py,50,0.002090454101563
49,pymonnto_fast_LIF.py,50,0.005071878433228
50,pymonntorch_fast_LIF_cpu.py,50,0.024738311767578
51,pymonntorch_fast_LIF_cuda.py,50,0.043869972229004
52,nest_native_LIF.py,50,0.002288818359375
53,pymonnto_fast_LIF.py,50,0.005506038665771
54,pymonntorch_fast_LIF_cpu.py,50,0.022710800170898
55,pymonntorch_fast_LIF_cuda.py,50,0.043739080429077
56,nest_native_LIF.py,50,0.002059698104858
57,pymonnto_fast_LIF.py,50,0.004725217819214
58,pymonntorch_fast_LIF_cpu.py,50,0.020483732223511
59,pymonntorch_fast_LIF_cuda.py,50,0.043893098831177
60,nest_native_LIF.py,100,0.00417423248291
61,pymonnto_fast_LIF.py,100,0.005785465240479
62,pymonntorch_fast_LIF_cpu.py,100,0.023471593856812
63,pymonntorch_fast_LIF_cuda.py,100,0.045702219009399
64,nest_native_LIF.py,100,0.003896236419678
65,pymonnto_fast_LIF.py,100,0.005562543869019
66,pymonntorch_fast_LIF_cpu.py,100,0.023291826248169
67,pymonntorch_fast_LIF_cuda.py,100,0.051311254501343
68,nest_native_LIF.py,100,0.003752708435059
69,pymonnto_fast_LIF.py,100,0.005925178527832
70,pymonntorch_fast_LIF_cpu.py,100,0.023505687713623
71,pymonntorch_fast_LIF_cuda.py,100,0.05451226234436
72,nest_native_LIF.py,100,0.003802061080933
73,pymonnto_fast_LIF.py,100,0.00531792640686
74,pymonntorch_fast_LIF_cpu.py,100,0.02370548248291
75,pymonntorch_fast_LIF_cuda.py,100,0.054864645004272
76,nest_native_LIF.py,100,0.003887891769409
77,pymonnto_fast_LIF.py,100,0.005355358123779
78,pymonntorch_fast_LIF_cpu.py,100,0.023903608322144
79,pymonntorch_fast_LIF_cuda.py,100,0.047017335891724
80,nest_native_LIF.py,250,0.012444019317627
81,pymonnto_fast_LIF.py,250,0.00588846206665
82,pymonntorch_fast_LIF_cpu.py,250,0.023908853530884
83,pymonntorch_fast_LIF_cuda.py,250,0.052321672439575
84,nest_native_LIF.py,250,0.012434720993042
85,pymonnto_fast_LIF.py,250,0.00576639175415
86,pymonntorch_fast_LIF_cpu.py,250,0.027485370635986
87,pymonntorch_fast_LIF_cuda.py,250,0.056386709213257
88,nest_native_LIF.py,250,0.011616230010986
89,pymonnto_fast_LIF.py,250,0.006087303161621
90,pymonntorch_fast_LIF_cpu.py,250,0.024095058441162
91,pymonntorch_fast_LIF_cuda.py,250,0.069028854370117
92,nest_native_LIF.py,250,0.012560129165649
93,pymonnto_fast_LIF.py,250,0.005810022354126
94,pymonntorch_fast_LIF_cpu.py,250,0.024135828018188
95,pymonntorch_fast_LIF_cuda.py,250,0.057261228561401
96,nest_native_LIF.py,250,0.012349605560303
97,pymonnto_fast_LIF.py,250,0.005878686904907
98,pymonntorch_fast_LIF_cpu.py,250,0.024557590484619
99,pymonntorch_fast_LIF_cuda.py,250,0.058730602264404
100,nest_native_LIF.py,500,0.035265922546387
101,pymonnto_fast_LIF.py,500,0.006334781646729
102,pymonntorch_fast_LIF_cpu.py,500,0.026100873947144
103,pymonntorch_fast_LIF_cuda.py,500,0.062910318374634
104,nest_native_LIF.py,500,0.036166906356812
105,pymonnto_fast_LIF.py,500,0.009318590164185
106,pymonntorch_fast_LIF_cpu.py,500,0.02650260925293
107,pymonntorch_fast_LIF_cuda.py,500,0.062495470046997
108,nest_native_LIF.py,500,0.035293579101563
109,pymonnto_fast_LIF.py,500,0.006694793701172
110,pymonntorch_fast_LIF_cpu.py,500,0.025193452835083
111,pymonntorch_fast_LIF_cuda.py,500,0.054792642593384
112,nest_native_LIF.py,500,0.037978410720825
113,pymonnto_fast_LIF.py,500,0.006460666656494
114,pymonntorch_fast_LIF_cpu.py,500,0.024914503097534
115,pymonntorch_fast_LIF_cuda.py,500,0.062903642654419
116,nest_native_LIF.py,500,0.037924289703369
117,pymonnto_fast_LIF.py,500,0.006444454193115
118,pymonntorch_fast_LIF_cpu.py,500,0.026264667510986
119,pymonntorch_fast_LIF_cuda.py,500,0.056375026702881
120,nest_native_LIF.py,750,0.084751605987549
121,pymonnto_fast_LIF.py,750,0.007598400115967
122,pymonntorch_fast_LIF_cpu.py,750,0.025261640548706
123,pymonntorch_fast_LIF_cuda.py,750,0.085970878601074
124,nest_native_LIF.py,750,0.072199821472168
125,pymonnto_fast_LIF.py,750,0.007187366485596
126,pymonntorch_fast_LIF_cpu.py,750,0.032128572463989
127,pymonntorch_fast_LIF_cuda.py,750,0.063899993896484
128,nest_native_LIF.py,750,0.073548793792725
129,pymonnto_fast_LIF.py,750,0.0072340965271
130,pymonntorch_fast_LIF_cpu.py,750,0.029910087585449
131,pymonntorch_fast_LIF_cuda.py,750,0.053325653076172
132,nest_native_LIF.py,750,0.072981357574463
133,pymonnto_fast_LIF.py,750,0.007878541946411
134,pymonntorch_fast_LIF_cpu.py,750,0.029700994491577
135,pymonntorch_fast_LIF_cuda.py,750,0.061626434326172
136,nest_native_LIF.py,750,0.069378137588501
137,pymonnto_fast_LIF.py,750,0.00751256942749
138,pymonntorch_fast_LIF_cpu.py,750,0.024507522583008
139,pymonntorch_fast_LIF_cuda.py,750,0.06043267250061
140,nest_native_LIF.py,1000,0.113282442092895
141,pymonnto_fast_LIF.py,1000,0.008148431777954
142,pymonntorch_fast_LIF_cpu.py,1000,0.026764154434204
143,pymonntorch_fast_LIF_cuda.py,1000,0.064014911651611
144,nest_native_LIF.py,1000,0.117449760437012
145,pymonnto_fast_LIF.py,1000,0.008025407791138
146,pymonntorch_fast_LIF_cpu.py,1000,0.030419588088989
147,pymonntorch_fast_LIF_cuda.py,1000,0.066635370254517
148,nest_native_LIF.py,1000,0.113091468811035
149,pymonnto_fast_LIF.py,1000,0.009140729904175
150,pymonntorch_fast_LIF_cpu.py,1000,0.030916452407837
151,pymonntorch_fast_LIF_cuda.py,1000,0.050729274749756
152,nest_native_LIF.py,1000,0.1162269115448
153,pymonnto_fast_LIF.py,1000,0.008344650268555
154,pymonntorch_fast_LIF_cpu.py,1000,0.028815746307373
155,pymonntorch_fast_LIF_cuda.py,1000,0.056997060775757
156,nest_native_LIF.py,1000,0.110388040542603
157,pymonnto_fast_LIF.py,1000,0.007949829101563
158,pymonntorch_fast_LIF_cpu.py,1000,0.035729169845581
159,pymonntorch_fast_LIF_cuda.py,1000,0.074911832809448
160,nest_native_LIF.py,1500,0.264184713363647
161,pymonnto_fast_LIF.py,1500,0.009308099746704
162,pymonntorch_fast_LIF_cpu.py,1500,0.033133745193481
163,pymonntorch_fast_LIF_cuda.py,1500,0.054878711700439
164,nest_native_LIF.py,1500,0.288661003112793
165,pymonnto_fast_LIF.py,1500,0.010066509246826
166,pymonntorch_fast_LIF_cpu.py,1500,0.028742790222168
167,pymonntorch_fast_LIF_cuda.py,1500,0.055286407470703
168,nest_native_LIF.py,1500,0.269500494003296
169,pymonnto_fast_LIF.py,1500,0.009757280349731
170,pymonntorch_fast_LIF_cpu.py,1500,0.027848243713379
171,pymonntorch_fast_LIF_cuda.py,1500,0.063924312591553
172,nest_native_LIF.py,1500,0.315436601638794
173,pymonnto_fast_LIF.py,1500,0.010309934616089
174,pymonntorch_fast_LIF_cpu.py,1500,0.032901525497437
175,pymonntorch_fast_LIF_cuda.py,1500,0.055024147033691
176,nest_native_LIF.py,1500,0.30599308013916
177,pymonnto_fast_LIF.py,1500,0.009583234786987
178,pymonntorch_fast_LIF_cpu.py,1500,0.03114128112793
179,pymonntorch_fast_LIF_cuda.py,1500,0.054648160934448
180,nest_native_LIF.py,2000,0.488514423370361
181,pymonnto_fast_LIF.py,2000,0.011345148086548
182,pymonntorch_fast_LIF_cpu.py,2000,0.032130241394043
183,pymonntorch_fast_LIF_cuda.py,2000,0.053071975708008
184,nest_native_LIF.py,2000,0.459297657012939
185,pymonnto_fast_LIF.py,2000,0.010900974273682
186,pymonntorch_fast_LIF_cpu.py,2000,0.030582189559937
187,pymonntorch_fast_LIF_cuda.py,2000,0.052516460418701
188,nest_native_LIF.py,2000,0.506140470504761
189,pymonnto_fast_LIF.py,2000,0.011380195617676
190,pymonntorch_fast_LIF_cpu.py,2000,0.031455755233765
191,pymonntorch_fast_LIF_cuda.py,2000,0.062368154525757
192,nest_native_LIF.py,2000,0.476053714752197
193,pymonnto_fast_LIF.py,2000,0.011074304580688
194,pymonntorch_fast_LIF_cpu.py,2000,0.035351276397705
195,pymonntorch_fast_LIF_cuda.py,2000,0.08483362197876
196,nest_native_LIF.py,2000,0.48887825012207
197,pymonnto_fast_LIF.py,2000,0.011583805084229
198,pymonntorch_fast_LIF_cpu.py,2000,0.049885511398315
199,pymonntorch_fast_LIF_cuda.py,2000,0.059856414794922
200,nest_native_LIF.py,3000,1.09365940093994
201,pymonnto_fast_LIF.py,3000,0.026428461074829
202,pymonntorch_fast_LIF_cpu.py,3000,0.041145086288452
203,pymonntorch_fast_LIF_cuda.py,3000,0.054208755493164
204,nest_native_LIF.py,3000,1.10320472717285
205,pymonnto_fast_LIF.py,3000,0.016770839691162
206,pymonntorch_fast_LIF_cpu.py,3000,0.038397550582886
207,pymonntorch_fast_LIF_cuda.py,3000,0.063611030578613
208,nest_native_LIF.py,3000,1.09729409217834
209,pymonnto_fast_LIF.py,3000,0.016826391220093
210,pymonntorch_fast_LIF_cpu.py,3000,0.037886619567871
211,pymonntorch_fast_LIF_cuda.py,3000,0.059650659561157
212,nest_native_LIF.py,3000,1.13203907012939
213,pymonnto_fast_LIF.py,3000,0.01774263381958
214,pymonntorch_fast_LIF_cpu.py,3000,0.040239810943604
215,pymonntorch_fast_LIF_cuda.py,3000,0.063223600387573
216,nest_native_LIF.py,3000,1.15662407875061
217,pymonnto_fast_LIF.py,3000,0.016928195953369
218,pymonntorch_fast_LIF_cpu.py,3000,0.038628816604614
219,pymonntorch_fast_LIF_cuda.py,3000,0.059532642364502
220,nest_native_LIF.py,4000,1.89711451530457
221,pymonnto_fast_LIF.py,4000,0.024436712265015
222,pymonntorch_fast_LIF_cpu.py,4000,0.04723334312439
223,pymonntorch_fast_LIF_cuda.py,4000,0.066207647323608
224,nest_native_LIF.py,4000,2.05894756317139
225,pymonnto_fast_LIF.py,4000,0.024017333984375
226,pymonntorch_fast_LIF_cpu.py,4000,0.045944213867188
227,pymonntorch_fast_LIF_cuda.py,4000,0.068514347076416
228,nest_native_LIF.py,4000,1.86301231384277
229,pymonnto_fast_LIF.py,4000,0.023324728012085
230,pymonntorch_fast_LIF_cpu.py,4000,0.045899868011475
231,pymonntorch_fast_LIF_cuda.py,4000,0.060991764068604
232,nest_native_LIF.py,4000,1.89280319213867
233,pymonnto_fast_LIF.py,4000,0.023765325546265
234,pymonntorch_fast_LIF_cpu.py,4000,0.046280384063721
235,pymonntorch_fast_LIF_cuda.py,4000,0.061787843704224
236,nest_native_LIF.py,4000,1.83891820907593
237,pymonnto_fast_LIF.py,4000,0.024575233459473
238,pymonntorch_fast_LIF_cpu.py,4000,0.050399780273438
239,pymonntorch_fast_LIF_cuda.py,4000,0.062714338302612
240,nest_native_LIF.py,5000,2.94453978538513
241,pymonnto_fast_LIF.py,5000,0.033069372177124
242,pymonntorch_fast_LIF_cpu.py,5000,0.052842855453491
243,pymonntorch_fast_LIF_cuda.py,5000,0.070848226547241
244,nest_native_LIF.py,5000,2.86024618148804
245,pymonnto_fast_LIF.py,5000,0.035665273666382
246,pymonntorch_fast_LIF_cpu.py,5000,0.057090520858765
247,pymonntorch_fast_LIF_cuda.py,5000,0.066527843475342
248,nest_native_LIF.py,5000,2.86605978012085
249,pymonnto_fast_LIF.py,5000,0.034255743026733
250,pymonntorch_fast_LIF_cpu.py,5000,0.055938243865967
251,pymonntorch_fast_LIF_cuda.py,5000,0.069139719009399
252,nest_native_LIF.py,5000,3.01605200767517
253,pymonnto_fast_LIF.py,5000,0.033422231674194
254,pymonntorch_fast_LIF_cpu.py,5000,0.054458379745483
255,pymonntorch_fast_LIF_cuda.py,5000,0.072757959365845
256,nest_native_LIF.py,5000,2.83705258369446
257,pymonnto_fast_LIF.py,5000,0.034260034561157
258,pymonntorch_fast_LIF_cpu.py,5000,0.070479154586792
259,pymonntorch_fast_LIF_cuda.py,5000,0.071895599365234
260,nest_native_LIF.py,6000,4.26159715652466
261,pymonnto_fast_LIF.py,6000,0.045517444610596
262,pymonntorch_fast_LIF_cpu.py,6000,0.059213876724243
263,pymonntorch_fast_LIF_cuda.py,6000,0.075293064117432
264,nest_native_LIF.py,6000,4.29579424858093
265,pymonnto_fast_LIF.py,6000,0.046085834503174
266,pymonntorch_fast_LIF_cpu.py,6000,0.059893131256104
267,pymonntorch_fast_LIF_cuda.py,6000,0.075949192047119
268,nest_native_LIF.py,6000,4.2268545627594
269,pymonnto_fast_LIF.py,6000,0.047609567642212
270,pymonntorch_fast_LIF_cpu.py,6000,0.086046457290649
271,pymonntorch_fast_LIF_cuda.py,6000,0.074642658233643
272,nest_native_LIF.py,6000,4.45915246009827
273,pymonnto_fast_LIF.py,6000,0.049729108810425
274,pymonntorch_fast_LIF_cpu.py,6000,0.057090044021606
275,pymonntorch_fast_LIF_cuda.py,6000,0.075714111328125
276,nest_native_LIF.py,6000,4.25487017631531
277,pymonnto_fast_LIF.py,6000,0.045973539352417
278,pymonntorch_fast_LIF_cpu.py,6000,0.059790372848511
279,pymonntorch_fast_LIF_cuda.py,6000,0.080984830856323
280,nest_native_LIF.py,7000,5.97297978401184
281,pymonnto_fast_LIF.py,7000,0.061326026916504
282,pymonntorch_fast_LIF_cpu.py,7000,0.065951108932495
283,pymonntorch_fast_LIF_cuda.py,7000,0.084087610244751
284,nest_native_LIF.py,7000,6.02749371528626
285,pymonnto_fast_LIF.py,7000,0.059701681137085
286,pymonntorch_fast_LIF_cpu.py,7000,0.064623594284058
287,pymonntorch_fast_LIF_cuda.py,7000,0.090868234634399
288,nest_native_LIF.py,7000,6.02861762046814
289,pymonnto_fast_LIF.py,7000,0.058447360992432
290,pymonntorch_fast_LIF_cpu.py,7000,0.067902088165283
291,pymonntorch_fast_LIF_cuda.py,7000,0.083520889282227
292,nest_native_LIF.py,7000,6.05444526672363
293,pymonnto_fast_LIF.py,7000,0.060391187667847
294,pymonntorch_fast_LIF_cpu.py,7000,0.067834854125977
295,pymonntorch_fast_LIF_cuda.py,7000,0.085067987442017
296,nest_native_LIF.py,7000,5.7717068195343
297,pymonnto_fast_LIF.py,7000,0.059735536575317
298,pymonntorch_fast_LIF_cpu.py,7000,0.074220657348633
299,pymonntorch_fast_LIF_cuda.py,7000,0.084863424301147
300,nest_native_LIF.py,8000,8.091721534729
301,pymonnto_fast_LIF.py,8000,0.084036588668823
302,pymonntorch_fast_LIF_cpu.py,8000,0.076589107513428
303,pymonntorch_fast_LIF_cuda.py,8000,0.093154430389404
304,nest_native_LIF.py,8000,7.91637706756592
305,pymonnto_fast_LIF.py,8000,0.094157934188843
306,pymonntorch_fast_LIF_cpu.py,8000,0.074823379516602
307,pymonntorch_fast_LIF_cuda.py,8000,0.092209815979004
308,nest_native_LIF.py,8000,8.07622265815735
309,pymonnto_fast_LIF.py,8000,0.077788114547729
310,pymonntorch_fast_LIF_cpu.py,8000,0.074698925018311
311,pymonntorch_fast_LIF_cuda.py,8000,0.099495649337769
312,nest_native_LIF.py,8000,7.82283926010132
313,pymonnto_fast_LIF.py,8000,0.083887338638306
314,pymonntorch_fast_LIF_cpu.py,8000,0.074449300765991
315,pymonntorch_fast_LIF_cuda.py,8000,0.09286093711853
316,nest_native_LIF.py,8000,8.1030330657959
317,pymonnto_fast_LIF.py,8000,0.072176218032837
318,pymonntorch_fast_LIF_cpu.py,8000,0.073380947113037
319,pymonntorch_fast_LIF_cuda.py,8000,0.093743085861206
320,nest_native_LIF.py,9000,10.4836430549622
321,pymonnto_fast_LIF.py,9000,0.095473766326904
322,pymonntorch_fast_LIF_cpu.py,9000,0.086922168731689
323,pymonntorch_fast_LIF_cuda.py,9000,0.113145112991333
324,nest_native_LIF.py,9000,10.3508825302124
325,pymonnto_fast_LIF.py,9000,0.100857496261597
326,pymonntorch_fast_LIF_cpu.py,9000,0.087909460067749
327,pymonntorch_fast_LIF_cuda.py,9000,0.105234146118164
328,nest_native_LIF.py,9000,10.1623322963715
329,pymonnto_fast_LIF.py,9000,0.109147310256958
330,pymonntorch_fast_LIF_cpu.py,9000,0.088621377944946
331,pymonntorch_fast_LIF_cuda.py,9000,0.105245351791382
332,nest_native_LIF.py,9000,10.4761099815369
333,pymonnto_fast_LIF.py,9000,0.099167585372925
334,pymonntorch_fast_LIF_cpu.py,9000,0.099905490875244
335,pymonntorch_fast_LIF_cuda.py,9000,0.10552167892456
336,nest_native_LIF.py,9000,10.6645112037659
337,pymonnto_fast_LIF.py,9000,0.100338697433472
338,pymonntorch_fast_LIF_cpu.py,9000,0.087633371353149
339,pymonntorch_fast_LIF_cuda.py,9000,0.107631921768188
340,nest_native_LIF.py,10000,12.8722681999207
341,pymonnto_fast_LIF.py,10000,0.122548341751099
342,pymonntorch_fast_LIF_cpu.py,10000,0.135946273803711
343,pymonntorch_fast_LIF_cuda.py,10000,0.139399290084839
344,nest_native_LIF.py,10000,13.1135301589966
345,pymonnto_fast_LIF.py,10000,0.116753816604614
346,pymonntorch_fast_LIF_cpu.py,10000,0.102744579315185
347,pymonntorch_fast_LIF_cuda.py,10000,0.121877670288086
348,nest_native_LIF.py,10000,13.1232960224152
349,pymonnto_fast_LIF.py,10000,0.121785402297974
350,pymonntorch_fast_LIF_cpu.py,10000,0.101681709289551
351,pymonntorch_fast_LIF_cuda.py,10000,0.120166540145874
352,nest_native_LIF.py,10000,13.2628364562988
353,pymonnto_fast_LIF.py,10000,0.123827457427979
354,pymonntorch_fast_LIF_cpu.py,10000,0.103217124938965
355,pymonntorch_fast_LIF_cuda.py,10000,0.118340492248535
356,nest_native_LIF.py,10000,13.0744025707245
357,pymonnto_fast_LIF.py,10000,0.119674682617188
358,pymonntorch_fast_LIF_cpu.py,10000,0.09944486618042
359,pymonntorch_fast_LIF_cuda.py,10000,0.120822429656982
360,nest_native_LIF.py,11000,16.7193293571472
361,pymonnto_fast_LIF.py,11000,0.150612831115723
362,pymonntorch_fast_LIF_cpu.py,11000,0.121677160263061
363,pymonntorch_fast_LIF_cuda.py,11000,0.134602069854736
364,nest_native_LIF.py,11000,16.097599029541
365,pymonnto_fast_LIF.py,11000,0.139222383499146
366,pymonntorch_fast_LIF_cpu.py,11000,0.12121057510376
367,pymonntorch_fast_LIF_cuda.py,11000,0.134164094924927
368,nest_native_LIF.py,11000,16.1147344112396
369,pymonnto_fast_LIF.py,11000,0.147589206695557
370,pymonntorch_fast_LIF_cpu.py,11000,0.149416208267212
371,pymonntorch_fast_LIF_cuda.py,11000,0.134333610534668
372,nest_native_LIF.py,11000,16.7137060165405
373,pymonnto_fast_LIF.py,11000,0.148797988891602
374,pymonntorch_fast_LIF_cpu.py,11000,0.149162530899048
375,pymonntorch_fast_LIF_cuda.py,11000,0.134407520294189
376,nest_native_LIF.py,11000,16.9206433296204
377,pymonnto_fast_LIF.py,11000,0.144206523895264
378,pymonntorch_fast_LIF_cpu.py,11000,0.119715690612793
379,pymonntorch_fast_LIF_cuda.py,11000,0.134873151779175
380,pymonnto_fast_LIF.py,12000,0.164752006530762
381,pymonntorch_fast_LIF_cpu.py,12000,0.151120185852051
382,pymonntorch_fast_LIF_cuda.py,12000,0.148332834243774
383,pymonnto_fast_LIF.py,12000,0.166510105133057
384,pymonntorch_fast_LIF_cpu.py,12000,0.157703876495361
385,pymonntorch_fast_LIF_cuda.py,12000,0.149085283279419
386,pymonnto_fast_LIF.py,12000,0.173627853393555
387,pymonntorch_fast_LIF_cpu.py,12000,0.147019863128662
388,pymonntorch_fast_LIF_cuda.py,12000,0.148355007171631
389,pymonnto_fast_LIF.py,12000,0.180977582931518
390,pymonntorch_fast_LIF_cpu.py,12000,0.149316549301147
391,pymonntorch_fast_LIF_cuda.py,12000,0.144497871398926
392,pymonnto_fast_LIF.py,12000,0.167462825775146
393,pymonntorch_fast_LIF_cpu.py,12000,0.145257949829102
394,pymonntorch_fast_LIF_cuda.py,12000,0.150506496429443
395,pymonnto_fast_LIF.py,13000,0.204609155654907
396,pymonntorch_fast_LIF_cpu.py,13000,0.174745798110962
397,pymonntorch_fast_LIF_cuda.py,13000,0.171835660934448
398,pymonnto_fast_LIF.py,13000,0.192398548126221
399,pymonntorch_fast_LIF_cpu.py,13000,0.177845478057861
400,pymonntorch_fast_LIF_cuda.py,13000,0.165466785430908
401,pymonnto_fast_LIF.py,13000,0.202807188034058
402,pymonntorch_fast_LIF_cpu.py,13000,0.198911428451538
403,pymonntorch_fast_LIF_cuda.py,13000,0.179162979125977
404,pymonnto_fast_LIF.py,13000,0.22229528427124
405,pymonntorch_fast_LIF_cpu.py,13000,0.180191278457642
406,pymonntorch_fast_LIF_cuda.py,13000,0.169281959533691
407,pymonnto_fast_LIF.py,13000,0.198553323745727
408,pymonntorch_fast_LIF_cpu.py,13000,0.17979097366333
409,pymonntorch_fast_LIF_cuda.py,13000,0.168280124664307
410,pymonnto_fast_LIF.py,14000,0.266068458557129
411,pymonntorch_fast_LIF_cpu.py,14000,0.236438751220703
412,pymonntorch_fast_LIF_cuda.py,14000,0.193077087402344
413,pymonnto_fast_LIF.py,14000,0.246877670288086
414,pymonntorch_fast_LIF_cpu.py,14000,0.22211217880249
415,pymonntorch_fast_LIF_cuda.py,14000,0.189296007156372
416,pymonnto_fast_LIF.py,14000,0.235018253326416
417,pymonntorch_fast_LIF_cpu.py,14000,0.206639766693115
418,pymonntorch_fast_LIF_cuda.py,14000,0.191163301467896
419,pymonnto_fast_LIF.py,14000,0.22843074798584
420,pymonntorch_fast_LIF_cpu.py,14000,0.204524755477905
421,pymonntorch_fast_LIF_cuda.py,14000,0.189229726791382
422,pymonnto_fast_LIF.py,14000,0.251139402389526
423,pymonntorch_fast_LIF_cpu.py,14000,0.207221508026123
424,pymonntorch_fast_LIF_cuda.py,14000,0.192740440368652
425,pymonnto_fast_LIF.py,15000,0.261828899383545
426,pymonntorch_fast_LIF_cpu.py,15000,0.242669105529785
427,pymonnto_fast_LIF.py,15000,0.26447319984436
428,pymonntorch_fast_LIF_cpu.py,15000,0.243803739547729
429,pymonnto_fast_LIF.py,15000,0.254960298538208
430,pymonntorch_fast_LIF_cpu.py,15000,0.23711371421814
431,pymonnto_fast_LIF.py,15000,0.270259618759155
432,pymonntorch_fast_LIF_cpu.py,15000,0.260066270828247
433,pymonnto_fast_LIF.py,15000,0.263427734375
434,pymonntorch_fast_LIF_cpu.py,15000,0.262037515640259
435,brian_LIF_cpp.py,10,0.000858
436,brian_LIF_gpu.py,10,0.003
437,brian_LIF.py,10,0.140318870544434
438,brian_LIF_cpp.py,10,0.000891
439,brian_LIF_gpu.py,10,0.003
440,brian_LIF.py,10,0.128252029418945
441,brian_LIF_cpp.py,10,0.000882
442,brian_LIF_gpu.py,10,0.003
443,brian_LIF.py,10,0.130455017089844
444,brian_LIF_cpp.py,10,0.00088
445,brian_LIF_gpu.py,10,0.003
446,brian_LIF.py,10,0.132129192352295
447,brian_LIF_cpp.py,10,0.000881
448,brian_LIF_gpu.py,10,0.003
449,brian_LIF.py,10,0.127707004547119
450,brian_LIF_cpp.py,20,0.000941
451,brian_LIF_gpu.py,20,0.003
452,brian_LIF.py,20,0.12734866142273
453,brian_LIF_cpp.py,20,0.00096
454,brian_LIF_gpu.py,20,0.004
455,brian_LIF.py,20,0.129726409912109
456,brian_LIF_cpp.py,20,0.000925
457,brian_LIF_gpu.py,20,0.003
458,brian_LIF.py,20,0.128740072250366
459,brian_LIF_cpp.py,20,0.000956
460,brian_LIF_gpu.py,20,0.003
461,brian_LIF.py,20,0.129517793655396
462,brian_LIF_cpp.py,20,0.000956
463,brian_LIF_gpu.py,20,0.004
464,brian_LIF.py,20,0.132304191589356
465,brian_LIF_cpp.py,50,0.001046
466,brian_LIF_gpu.py,50,0.004
467,brian_LIF.py,50,0.129223346710205
468,brian_LIF_cpp.py,50,0.001088
469,brian_LIF_gpu.py,50,0.003
470,brian_LIF.py,50,0.129581451416016
471,brian_LIF_cpp.py,50,0.001053
472,brian_LIF_gpu.py,50,0.003
473,brian_LIF.py,50,0.128509283065796
474,brian_LIF_cpp.py,50,0.001051
475,brian_LIF_gpu.py,50,0.003
476,brian_LIF.py,50,0.127313613891602
477,brian_LIF_cpp.py,50,0.001057
478,brian_LIF_gpu.py,50,0.003
479,brian_LIF.py,50,0.129062414169312
480,brian_LIF_cpp.py,100,0.001329
481,brian_LIF_gpu.py,100,0.003
482,brian_LIF.py,100,0.127542018890381
483,brian_LIF_cpp.py,100,0.001266
484,brian_LIF_gpu.py,100,0.003
485,brian_LIF.py,100,0.128968238830566
486,brian_LIF_cpp.py,100,0.001279
487,brian_LIF_gpu.py,100,0.003
488,brian_LIF.py,100,0.154637813568115
489,brian_LIF_cpp.py,100,0.001324
490,brian_LIF_gpu.py,100,0.003
491,brian_LIF.py,100,0.150275230407715
492,brian_LIF_cpp.py,100,0.001326
493,brian_LIF_gpu.py,100,0.004
494,brian_LIF.py,100,0.164090156555176
495,brian_LIF_cpp.py,250,0.00218
496,brian_LIF_gpu.py,250,0.003
497,brian_LIF.py,250,0.132863521575928
498,brian_LIF_cpp.py,250,0.00211
499,brian_LIF_gpu.py,250,0.003
500,brian_LIF.py,250,0.154364347457886
501,brian_LIF_cpp.py,250,0.002046
502,brian_LIF_gpu.py,250,0.004
503,brian_LIF.py,250,0.132218599319458
504,brian_LIF_cpp.py,250,0.002096
505,brian_LIF_gpu.py,250,0.003
506,brian_LIF.py,250,0.131069421768188
507,brian_LIF_cpp.py,250,0.002083
508,brian_LIF_gpu.py,250,0.003
509,brian_LIF.py,250,0.129155874252319
510,brian_LIF_cpp.py,500,0.004196
511,brian_LIF_gpu.py,500,0.005
512,brian_LIF.py,500,0.141484975814819
513,brian_LIF_cpp.py,500,0.004272
514,brian_LIF_gpu.py,500,0.005
515,brian_LIF.py,500,0.135302305221558
516,brian_LIF_cpp.py,500,0.00415
517,brian_LIF_gpu.py,500,0.005
518,brian_LIF.py,500,0.139315128326416
519,brian_LIF_cpp.py,500,0.004308
520,brian_LIF_gpu.py,500,0.005
521,brian_LIF.py,500,0.136044979095459
522,brian_LIF_cpp.py,500,0.004562
523,brian_LIF_gpu.py,500,0.005
524,brian_LIF.py,500,0.136786460876465
525,brian_LIF_cpp.py,750,0.007716
526,brian_LIF_gpu.py,750,0.007
527,brian_LIF.py,750,0.147737264633179
528,brian_LIF_cpp.py,750,0.00719
529,brian_LIF_gpu.py,750,0.007
530,brian_LIF.py,750,0.154213190078735
531,brian_LIF_cpp.py,750,0.007813
532,brian_LIF_gpu.py,750,0.007
533,brian_LIF.py,750,0.149576187133789
534,brian_LIF_cpp.py,750,0.007613
535,brian_LIF_gpu.py,750,0.007
536,brian_LIF.py,750,0.149434566497803
537,brian_LIF_cpp.py,750,0.007647
538,brian_LIF_gpu.py,750,0.007
539,brian_LIF.py,750,0.147205829620361
540,brian_LIF_cpp.py,1000,0.015917
541,brian_LIF_gpu.py,1000,0.009
542,brian_LIF.py,1000,0.16684365272522
543,brian_LIF_cpp.py,1000,0.016532
544,brian_LIF_gpu.py,1000,0.009
545,brian_LIF.py,1000,0.161670923233032
546,brian_LIF_cpp.py,1000,0.017506
547,brian_LIF_gpu.py,1000,0.009
548,brian_LIF.py,1000,0.162681818008423
549,brian_LIF_cpp.py,1000,0.016655
550,brian_LIF_gpu.py,1000,0.009
551,brian_LIF.py,1000,0.164472818374634
552,brian_LIF_cpp.py,1000,0.017194
553,brian_LIF_gpu.py,1000,0.009
554,brian_LIF.py,1000,0.194838285446167
555,brian_LIF_cpp.py,1500,0.044977
556,brian_LIF_gpu.py,1500,0.019
557,brian_LIF.py,1500,0.224204063415527
558,brian_LIF_cpp.py,1500,0.04354
559,brian_LIF_gpu.py,1500,0.019
560,brian_LIF.py,1500,0.220430850982666
561,brian_LIF_cpp.py,1500,0.044341
562,brian_LIF_gpu.py,1500,0.019
563,brian_LIF.py,1500,0.22893500328064
564,brian_LIF_cpp.py,1500,0.04691
565,brian_LIF_gpu.py,1500,0.02
566,brian_LIF.py,1500,0.224814891815186
567,brian_LIF_cpp.py,1500,0.048882
568,brian_LIF_gpu.py,1500,0.019
569,brian_LIF.py,1500,0.222842454910278
570,brian_LIF_cpp.py,2000,0.086037
571,brian_LIF_gpu.py,2000,0.028
572,brian_LIF.py,2000,0.307031631469727
573,brian_LIF_cpp.py,2000,0.093278
574,brian_LIF_gpu.py,2000,0.027
575,brian_LIF.py,2000,0.298977375030518
576,brian_LIF_cpp.py,2000,0.093622
577,brian_LIF_gpu.py,2000,0.027
578,brian_LIF.py,2000,0.30195951461792
579,brian_LIF_cpp.py,2000,0.091449
580,brian_LIF_gpu.py,2000,0.029
581,brian_LIF.py,2000,0.304603099822998
582,brian_LIF_cpp.py,2000,0.093894
583,brian_LIF_gpu.py,2000,0.029
584,brian_LIF.py,2000,0.305223941802979
585,brian_LIF_cpp.py,3000,0.246803
586,brian_LIF_gpu.py,3000,0.068
587,brian_LIF.py,3000,0.627051830291748
588,brian_LIF_cpp.py,3000,0.254219
589,brian_LIF_gpu.py,3000,0.069
590,brian_LIF.py,3000,0.602783203125
591,brian_LIF_cpp.py,3000,0.282571
592,brian_LIF_gpu.py,3000,0.068
593,brian_LIF.py,3000,0.635653495788574
594,brian_LIF_cpp.py,3000,0.274999
595,brian_LIF_gpu.py,3000,0.068
596,brian_LIF.py,3000,0.615356206893921
597,brian_LIF_cpp.py,3000,0.281416
598,brian_LIF_gpu.py,3000,0.069
599,brian_LIF.py,3000,0.630361318588257
600,brian_LIF_cpp.py,4000,0.544936
601,brian_LIF_gpu.py,4000,0.105
602,brian_LIF.py,4000,1.1204936504364
603,brian_LIF_cpp.py,4000,0.641515
604,brian_LIF_gpu.py,4000,0.107
605,brian_LIF.py,4000,1.02776885032654
606,brian_LIF_cpp.py,4000,0.506917
607,brian_LIF_gpu.py,4000,0.106
608,brian_LIF.py,4000,1.00563526153564
609,brian_LIF_cpp.py,4000,0.517655
610,brian_LIF_gpu.py,4000,0.108
611,brian_LIF.py,4000,0.996399402618408
612,brian_LIF_cpp.py,4000,0.598892
613,brian_LIF_gpu.py,4000,0.107
614,brian_LIF.py,4000,1.01198959350586
615,brian_LIF_cpp.py,5000,0.940683
616,brian_LIF_gpu.py,5000,0.189
617,brian_LIF.py,5000,1.72931170463562
618,brian_LIF_cpp.py,5000,0.921519
619,brian_LIF_gpu.py,5000,0.187
620,brian_LIF.py,5000,1.72908687591553
621,brian_LIF_cpp.py,5000,0.961467
622,brian_LIF_gpu.py,5000,0.189
623,brian_LIF.py,5000,1.6776762008667
624,brian_LIF_cpp.py,5000,0.90254
625,brian_LIF_gpu.py,5000,0.191
626,brian_LIF.py,5000,1.67272758483887
627,brian_LIF_cpp.py,5000,0.948928
628,brian_LIF_gpu.py,5000,0.189
629,brian_LIF.py,5000,1.71612596511841
630,brian_LIF_cpp.py,6000,1.36229
631,brian_LIF_gpu.py,6000,0.275
632,brian_LIF.py,6000,2.31785225868225
633,brian_LIF_cpp.py,6000,1.3837
634,brian_LIF_gpu.py,6000,0.277
635,brian_LIF.py,6000,2.37460875511169
636,brian_LIF_cpp.py,6000,1.43554
637,brian_LIF_gpu.py,6000,0.274
638,brian_LIF.py,6000,2.41932916641235
639,brian_LIF_cpp.py,6000,1.42454
640,brian_LIF_gpu.py,6000,0.277
641,brian_LIF.py,6000,2.37286496162415
642,brian_LIF_cpp.py,6000,1.40571
643,brian_LIF_gpu.py,6000,0.272
644,brian_LIF.py,6000,2.31523394584656
645,brian_LIF_cpp.py,7000,1.93965
646,brian_LIF_gpu.py,7000,0.365
647,brian_LIF.py,7000,3.11352896690369
648,brian_LIF_cpp.py,7000,1.93781
649,brian_LIF_gpu.py,7000,0.371
650,brian_LIF.py,7000,3.18710541725159
651,brian_LIF_cpp.py,7000,1.89808
652,brian_LIF_gpu.py,7000,0.371
653,brian_LIF.py,7000,3.13745713233948
654,brian_LIF_cpp.py,7000,1.93827
655,brian_LIF_gpu.py,7000,0.368
656,brian_LIF.py,7000,3.16357517242432
657,brian_LIF_cpp.py,7000,1.92576
658,brian_LIF_gpu.py,7000,0.372
659,brian_LIF.py,7000,3.10922694206238
660,brian_LIF_cpp.py,8000,2.75401
661,brian_LIF.py,8000,4.30301189422607
662,brian_LIF_cpp.py,8000,2.75657
663,brian_LIF.py,8000,4.38448739051819
664,brian_LIF_cpp.py,8000,2.77501
665,brian_LIF.py,8000,4.26257419586182
666,brian_LIF_cpp.py,8000,2.78062
667,brian_LIF.py,8000,4.1912248134613
668,brian_LIF_cpp.py,8000,2.72318
669,brian_LIF.py,8000,4.20221662521362
670,brian_LIF_cpp.py,9000,3.37875
671,brian_LIF.py,9000,5.47676038742065
672,brian_LIF_cpp.py,9000,3.39071
673,brian_LIF.py,9000,5.43741798400879
674,brian_LIF_cpp.py,9000,3.56027
675,brian_LIF.py,9000,5.33178782463074
676,brian_LIF_cpp.py,9000,3.2647
677,brian_LIF.py,9000,5.22928857803345
678,brian_LIF_cpp.py,9000,3.51132
679,brian_LIF.py,9000,5.41265344619751
680,brian_LIF_cpp.py,10000,4.2807
681,brian_LIF.py,10000,6.70665621757507
682,brian_LIF_cpp.py,10000,4.28373
683,brian_LIF.py,10000,6.71734356880188
684,brian_LIF_cpp.py,10000,4.19049
685,brian_LIF.py,10000,6.67602443695068
686,brian_LIF_cpp.py,10000,4.2521
687,brian_LIF.py,10000,6.661052942276
688,brian_LIF_cpp.py,10000,4.31806
689,brian_LIF.py,10000,6.59888029098511
690,brian_LIF_cpp.py,11000,5.27208
691,brian_LIF.py,11000,8.0736837387085
692,brian_LIF_cpp.py,11000,5.35968
693,brian_LIF.py,11000,8.13364601135254
694,brian_LIF_cpp.py,11000,5.40573
695,brian_LIF.py,11000,7.98653721809387
696,brian_LIF_cpp.py,11000,5.22792
697,brian_LIF.py,11000,8.24580121040344
698,brian_LIF_cpp.py,11000,5.20389
699,brian_LIF.py,11000,8.02317357063293
700,brian_LIF_cpp.py,12000,6.49998
701,brian_LIF.py,12000,9.8948814868927
702,brian_LIF_cpp.py,12000,6.76943
703,brian_LIF.py,12000,10.1041555404663
704,brian_LIF_cpp.py,12000,6.67478
705,brian_LIF.py,12000,9.97086405754089
706,brian_LIF_cpp.py,12000,6.71516
707,brian_LIF.py,12000,10.0239236354828
708,brian_LIF_cpp.py,12000,6.9736
709,brian_LIF.py,12000,9.97677874565125
710,brian_LIF_cpp.py,13000,7.6773
711,brian_LIF.py,13000,11.6899321079254
712,brian_LIF_cpp.py,13000,7.94528
713,brian_LIF.py,13000,11.8777542114258
714,brian_LIF_cpp.py,13000,7.99816
715,brian_LIF.py,13000,11.7182266712189
716,brian_LIF_cpp.py,13000,7.9
717,brian_LIF.py,13000,11.8046402931213
718,brian_LIF_cpp.py,13000,7.86629
719,brian_LIF.py,13000,11.6273083686829
720,brian_LIF_cpp.py,14000,9.97329
721,brian_LIF.py,14000,14.1358249187469
722,brian_LIF_cpp.py,14000,9.78769
723,brian_LIF.py,14000,13.8032264709473
724,brian_LIF_cpp.py,14000,9.70551
725,brian_LIF.py,14000,13.8473932743073
726,brian_LIF_cpp.py,14000,9.88618
727,brian_LIF.py,14000,14.0600399971008
728,brian_LIF_cpp.py,14000,9.43271
729,brian_LIF.py,14000,13.8581650257111
730,brian_LIF_cpp.py,15000,12.0627
731,brian_LIF.py,15000,16.8331196308136
732,brian_LIF_cpp.py,15000,11.893
733,brian_LIF.py,15000,16.7040882110596
734,brian_LIF_cpp.py,15000,11.8641
735,brian_LIF.py,15000,16.8080172538757
736,brian_LIF_cpp.py,15000,11.6892
737,brian_LIF.py,15000,17.2773096561432
738,brian_LIF_cpp.py,15000,11.8576
739,brian_LIF.py,15000,17.1513369083405
740,nest_native_LIF.py,7500,7.36070251464844
741,pymonnto_fast_LIF.py,7500,0.071255445480347
742,pymonntorch_fast_LIF_cpu.py,7500,0.098394870758057
743,pymonntorch_fast_LIF_cuda.py,7500,0.089777946472168
744,nest_native_LIF.py,7500,6.95034885406494
745,pymonnto_fast_LIF.py,7500,0.066580533981323
746,pymonntorch_fast_LIF_cpu.py,7500,0.070746898651123
747,pymonntorch_fast_LIF_cuda.py,7500,0.089270830154419
748,nest_native_LIF.py,7500,6.73014068603516
749,pymonnto_fast_LIF.py,7500,0.066211700439453
750,pymonntorch_fast_LIF_cpu.py,7500,0.069818258285523
751,pymonntorch_fast_LIF_cuda.py,7500,0.088913440704346
752,nest_native_LIF.py,7500,6.75975394248962
753,pymonnto_fast_LIF.py,7500,0.073413848876953
754,pymonntorch_fast_LIF_cpu.py,7500,0.074777603149414
755,pymonntorch_fast_LIF_cuda.py,7500,0.088781833648682
756,nest_native_LIF.py,7500,6.886878490448
757,pymonnto_fast_LIF.py,7500,0.070654392242432
758,pymonntorch_fast_LIF_cpu.py,7500,0.071615934371948
759,pymonntorch_fast_LIF_cuda.py,7500,0.09160590171814
760,brian_LIF_cpp.py,7500,2.08676
761,brian_LIF_gpu.py,7500,0.426
762,brian_LIF.py,7500,3.43933844566345
763,brian_LIF_cpp.py,7500,2.11104
764,brian_LIF_gpu.py,7500,0.421
765,brian_LIF.py,7500,3.53736519813538
766,brian_LIF_cpp.py,7500,2.06397
767,brian_LIF_gpu.py,7500,0.434
768,brian_LIF.py,7500,3.56699585914612
769,brian_LIF_cpp.py,7500,2.09058
770,brian_LIF_gpu.py,7500,0.429
771,brian_LIF.py,7500,3.45991587638855
772,brian_LIF_cpp.py,7500,2.02707
773,brian_LIF_gpu.py,7500,0.427
774,brian_LIF.py,7500,3.6414635181427
